INSERT INTO lyceum_quest.city(name, has_lyceum)
VALUES 
('Абаза, Республика Хакасия', FALSE), ('Абакан, Республика Хакасия', TRUE), ('Абдулино, Оренбургская область', FALSE), ('Абинск, Краснодарский край', FALSE), ('Агидель, Республика Башкортостан', FALSE), ('Агрыз, Республика Татарстан', FALSE), ('Адыгейск, Республика Адыгея', FALSE), ('Азнакаево, Республика Татарстан', FALSE), ('Азов, Ростовская область', FALSE), ('Ак-Довурак, Республика Тыва', FALSE), ('Аксай, Ростовская область', FALSE), ('Алагир, Северная Осетия — Алания', FALSE), ('Алапаевск, Свердловская область', FALSE), ('Алатырь, Республика Чувашия', FALSE), ('Алдан, Якутия', FALSE), ('Алейск, Алтайский край', FALSE), ('Александров, Владимирская область', FALSE), ('Александровск, Пермский край', FALSE), ('Александровск-Сахалинский, Сахалинская область', FALSE), ('Алексеевка, Белгородская область', FALSE), ('Алексеевское, Республика Татарстан', TRUE), ('Алексин, Тульская область', FALSE), ('Алзамай, Иркутская область', FALSE), ('Альметьевск, Республика Татарстан', TRUE), ('Амурск, Хабаровский край', FALSE), ('Анадырь, Чукотский АО', FALSE), ('Анапа, Краснодарский край', FALSE), ('Ангарск, Иркутская область', FALSE), ('Андреаполь, Тверская область', FALSE), ('Анжеро-Судженск, Кемеровская область', FALSE), ('Анива, Сахалинская область', FALSE), ('Апатиты, Мурманская область', FALSE), ('Апрелевка, Московская область', FALSE), ('Апшеронск, Краснодарский край', FALSE), ('Арамиль, Свердловская область', FALSE), ('Аргун, Республика Чечня', FALSE), ('Ардатов, Республика Мордовия', FALSE), ('Ардон, Северная Осетия — Алания', FALSE), ('Арзамас, Нижегородская область', TRUE), ('Аркадак, Саратовская область', FALSE), ('Армавир, Краснодарский край', FALSE), ('Арсеньев, Приморский край', FALSE), ('Арск, Республика Татарстан', FALSE), ('Артём, Приморский край', FALSE), ('Артёмовск, Красноярский край', FALSE), ('Артёмовский, Свердловская область', FALSE), ('Архангельск, Архангельская область', TRUE), ('Асбест, Свердловская область', FALSE), ('Асино, Томская область', FALSE), ('Астрахань, Астраханская область', TRUE), ('Аткарск, Саратовская область', FALSE), ('Ахтубинск, Астраханская область', FALSE), ('Ачинск, Красноярский край', TRUE), ('Аша, Челябинская область', FALSE), ('Бабаево, Вологодская область', FALSE), ('Бабушкин, Республика Бурятия', FALSE), ('Бавлы, Республика Татарстан', FALSE), ('Багратионовск, Калининградская область', FALSE), ('Байкальск, Иркутская область', FALSE), ('Баймак, Республика Башкортостан', FALSE), ('Бакал, Челябинская область', FALSE), ('Баксан, Кабардино-Балкария', FALSE), ('Балабаново, Калужская область', FALSE), ('Балаково, Саратовская область', FALSE), ('Балахна, Нижегородская область', FALSE), ('Балашиха, Московская область', FALSE), ('Балашов, Саратовская область', FALSE), ('Балей, Забайкальский край', FALSE), ('Балтийск, Калининградская область', FALSE), ('Барабинск, Новосибирская область', FALSE), ('Барнаул, Алтайский край', TRUE), ('Барыш, Ульяновская область', FALSE), ('Батайск, Ростовская область', FALSE), ('Бахчисарай, Республика Крым', FALSE), ('Бежецк, Тверская область', FALSE), ('Белая Калитва, Ростовская область', FALSE), ('Белая Холуница, Кировская область', TRUE), ('Белгород, Белгородская область', TRUE), ('Белебей, Республика Башкортостан', FALSE), ('Белинский, Пензенская область', FALSE), ('Белово, Кемеровская область', FALSE), ('Белогорск, Амурская область', FALSE), ('Белозерск, Вологодская область', FALSE), ('Белокуриха, Алтайский край', FALSE), ('Беломорск, Республика Карелия', FALSE), ('Белоозёрский, Московская область', FALSE), ('Белорецк, Республика Башкортостан', FALSE), ('Белореченск, Краснодарский край', FALSE), ('Белоусово, Калужская область', FALSE), ('Белоярский, Ханты-Мансийский автономный округ – Югра', TRUE), ('Белый, Тверская область', FALSE), ('Белёв, Тульская область', FALSE), ('Бердск, Новосибирская область', FALSE), ('Березники, Пермский край', FALSE), ('Берёзовский, Кемеровская область', FALSE), ('Берёзовский, Свердловская область', FALSE), ('Беслан, Северная Осетия — Алания', FALSE), ('Бийск, Алтайский край', FALSE), ('Бикин, Хабаровский край', FALSE), ('Билибино, Чукотский АО', FALSE), ('Биробиджан, Еврейская АО', FALSE), ('Бирск, Республика Башкортостан', FALSE), ('Бирюсинск, Иркутская область', FALSE), ('Бирюч, Белгородская область', FALSE), ('Благовещенск, Амурская область', TRUE), ('Благодарный, Ставропольский край', FALSE), ('Бобров, Воронежская область', FALSE), ('Богданович, Свердловская область', FALSE), ('Богородицк, Тульская область', FALSE), ('Богородск, Нижегородская область', FALSE), ('Боготол, Красноярский край', FALSE), ('Богучар, Воронежская область', FALSE), ('Бодайбо, Иркутская область', FALSE), ('Бокситогорск, Ленинградская область', FALSE), ('Болгар, Республика Татарстан', FALSE), ('Бологое, Тверская область', FALSE), ('Болотное, Новосибирская область', FALSE), ('Болохово, Тульская область', FALSE), ('Болхов, Орловская область', FALSE), ('Большой Камень, Приморский край', FALSE), ('Бор, Нижегородская область', FALSE), ('Борзя, Забайкальский край', FALSE), ('Борисоглебск, Воронежская область', FALSE), ('Боровичи, Новгородская область', FALSE), ('Боровск, Калужская область', FALSE), ('Бородино, Красноярский край', FALSE), ('Братск, Иркутская область', TRUE), ('Бронницы, Московская область', FALSE), ('Брянск, Брянская область', TRUE), ('Бугульма, Республика Татарстан', FALSE), ('Бугуруслан, Оренбургская область', FALSE), ('Будённовск, Ставропольский край', FALSE), ('Бузулук, Оренбургская область', FALSE), ('Буинск, Республика Татарстан', FALSE), ('Буй, Костромская область', FALSE), ('Буйнакск, Республика Дагестан', FALSE), ('Бутурлиновка, Воронежская область', FALSE), ('Валдай, Новгородская область', FALSE), ('Валуйки, Белгородская область', FALSE), ('Велиж, Смоленская область', FALSE), ('Великие Луки, Псковская область', FALSE), ('Великий Новгород, Новгородская область', TRUE), ('Великий Устюг, Вологодская область', FALSE), ('Вельск, Архангельская область', FALSE), ('Венёв, Тульская область', FALSE), ('Верещагино, Пермский край', FALSE), ('Верея, Московская область', FALSE), ('Верхнеуральск, Челябинская область', FALSE), ('Верхний Тагил, Свердловская область', FALSE), ('Верхний Уфалей, Челябинская область', FALSE), ('Верхняя Пышма, Свердловская область', TRUE), ('Верхняя Салда, Свердловская область', FALSE), ('Верхняя Тура, Свердловская область', FALSE), ('Верхотурье, Свердловская область', FALSE), ('Верхоянск, Якутия', FALSE), ('Весьегонск, Тверская область', FALSE), ('Ветлуга, Нижегородская область', FALSE), ('Видное, Московская область', FALSE), ('Вилюйск, Якутия', FALSE), ('Вилючинск, Камчатский край', FALSE), ('Вихоревка, Иркутская область', FALSE), ('Вичуга, Ивановская область', FALSE), ('Владивосток, Приморский край', TRUE), ('Владикавказ, Республика Северная Осетия – Алания', TRUE), ('Владимир, Владимирская область', TRUE), ('Волгоград, Волгоградская область', TRUE), ('Волгодонск, Ростовская область', TRUE), ('Волгореченск, Костромская область', FALSE), ('Волжск, Республика Марий Эл', FALSE), ('Волжский, Волгоградская область', FALSE), ('Вологда, Вологодская область', TRUE), ('Володарск, Нижегородская область', FALSE), ('Волоколамск, Московская область', FALSE), ('Волосово, Ленинградская область', FALSE), ('Волхов, Ленинградская область', FALSE), ('Волчанск, Свердловская область', FALSE), ('Вольск, Саратовская область', FALSE), ('Воркута, Республика Коми', TRUE), ('Воронеж, Воронежская область', TRUE), ('Ворсма, Нижегородская область', FALSE), ('Воскресенск, Московская область', FALSE), ('Воткинск, Республика Удмуртия', FALSE), ('Всеволожск, Ленинградская область', FALSE), ('Вуктыл, Республика Коми', FALSE), ('Вурнары, Чувашская Республика', TRUE), ('Выборг, Ленинградская область', FALSE), ('Выкса, Нижегородская область', FALSE), ('Высоковск, Московская область', FALSE), ('Высоцк, Ленинградская область', FALSE), ('Вытегра, Вологодская область', FALSE), ('Вышний Волочёк, Тверская область', FALSE), ('Вяземский, Хабаровский край', FALSE), ('Вязники, Владимирская область', FALSE), ('Вязьма, Смоленская область', FALSE), ('Вятские Поляны, Кировская область', FALSE), ('Гаврилов Посад, Ивановская область', FALSE), ('Гаврилов-Ям, Ярославская область', FALSE), ('Гагарин, Смоленская область', FALSE), ('Гаджиево, Мурманская область', FALSE), ('Гай, Оренбургская область', FALSE), ('Галич, Костромская область', FALSE), ('Гатчина, Ленинградская область', FALSE), ('Гвардейск, Калининградская область', FALSE), ('Гдов, Псковская область', FALSE), ('Геленджик, Краснодарский край', FALSE), ('Георгиевск, Ставропольский край', FALSE), ('Глазов, Республика Удмуртия', FALSE), ('Голицыно, Московская область', FALSE), ('Горбатов, Нижегородская область', FALSE), ('Горно-Алтайск, Республика Алтай', FALSE), ('Горнозаводск, Пермский край', FALSE), ('Горняк, Алтайский край', FALSE), ('Городец, Нижегородская область', FALSE), ('Городище, Пензенская область', FALSE), ('Городовиковск, Республика Калмыкия', FALSE), ('Гороховец, Владимирская область', FALSE), ('Горячий Ключ, Краснодарский край', FALSE), ('Грайворон, Белгородская область', FALSE), ('Гремячинск, Пермский край', FALSE), ('Грозный, Чеченская Республика', TRUE), ('Грязи, Липецкая область', TRUE), ('Грязовец, Вологодская область', FALSE), ('Губаха, Пермский край', FALSE), ('Губкин, Белгородская область', TRUE), ('Губкинский, Ямало-Ненецкий АО', FALSE), ('Гудермес, Республика Чечня', FALSE), ('Гуково, Ростовская область', FALSE), ('Гулькевичи, Краснодарский край', FALSE), ('Гурьевск, Калининградская область', FALSE), ('Гурьевск, Кемеровская область', FALSE), ('Гусев, Калининградская область', FALSE), ('Гусиноозёрск, Республика Бурятия', FALSE), ('Гусь-Хрустальный, Владимирская область', TRUE), ('Давлеканово, Республика Башкортостан', FALSE), ('Дагестанские Огни, Республика Дагестан', FALSE), ('Далматово, Курганская область', FALSE), ('Дальнегорск, Приморский край', FALSE), ('Дальнереченск, Приморский край', FALSE), ('Данилов, Ярославская область', FALSE), ('Данков, Липецкая область', TRUE), ('Дегтярск, Свердловская область', FALSE), ('Дедовск, Московская область', FALSE), ('Демидов, Смоленская область', FALSE), ('Дербент, Республика Дагестан', FALSE), ('Десногорск, Смоленская область', FALSE), ('Дзержинск, Нижегородская область', FALSE), ('Дзержинский, Московская область', FALSE), ('Дивногорск, Красноярский край', FALSE), ('Дигора, Северная Осетия — Алания', FALSE), ('Димитровград, Ульяновская область', FALSE), ('Дмитриев, Курская область', FALSE), ('Дмитров, Московская область', FALSE), ('Дмитровск, Орловская область', FALSE), ('Дно, Псковская область', FALSE), ('Доброе, Липецкая область', TRUE), ('Добрянка, Пермский край', FALSE), ('Долгопрудный, Московская область', FALSE), ('Долинск, Сахалинская область', FALSE), ('Домодедово, Московская область', FALSE), ('Донецк, Ростовская область', FALSE), ('Донское, Оренбургская область', TRUE), ('Донской, Тульская область', FALSE), ('Дорогобуж, Смоленская область', FALSE), ('Дрезна, Московская область', FALSE), ('Дубна, Московская область', TRUE), ('Дубовка, Волгоградская область', FALSE), ('Дудинка, Красноярский край', FALSE), ('Духовщина, Смоленская область', FALSE), ('Дюртюли, Республика Башкортостан', FALSE), ('Дятьково, Брянская область', FALSE), ('Егорьевск, Московская область', FALSE), ('Ейск, Краснодарский край', FALSE), ('Екатеринбург, Свердловская область', TRUE), ('Елабуга, Республика Татарстан', TRUE), ('Елец, Липецкая область', TRUE), ('Елизово, Камчатский край', FALSE), ('Ельня, Смоленская область', FALSE), ('Еманжелинск, Челябинская область', FALSE), ('Емва, Республика Коми', FALSE), ('Енисейск, Красноярский край', FALSE), ('Ермолино, Калужская область', FALSE), ('Ершов, Саратовская область', FALSE), ('Ессентуки, Ставропольский край', FALSE), ('Ефремов, Тульская область', FALSE), ('Железноводск, Ставропольский край', FALSE), ('Железногорск, Красноярский край', FALSE), ('Железногорск, Курская область', FALSE), ('Железногорск-Илимский, Иркутская область', FALSE), ('Жердевка, Тамбовская область', FALSE), ('Жигулёвск, Самарская область', FALSE), ('Жиздра, Калужская область', FALSE), ('Жирновск, Волгоградская область', FALSE), ('Жуков, Калужская область', FALSE), ('Жуковка, Брянская область', FALSE), ('Жуковский, Московская область', FALSE), ('Завитинск, Амурская область', FALSE), ('Заводоуковск, Тюменская область', FALSE), ('Заволжск, Ивановская область', FALSE), ('Заволжье, Нижегородская область', FALSE), ('Задонск, Липецкая область', FALSE), ('Заинск, Республика Татарстан', FALSE), ('Закаменск, Республика Бурятия', FALSE), ('Заозёрный, Красноярский край', FALSE), ('Заозёрск, Мурманская область', FALSE), ('Западная Двина, Тверская область', FALSE), ('Западный, Челябинская область', TRUE), ('Заполярный, Мурманская область', FALSE), ('Зарайск, Московская область', FALSE), ('Заречный, Пензенская область', TRUE), ('Заринск, Алтайский край', FALSE), ('Звенигово, Республика Марий Эл', FALSE), ('Звенигород, Московская область', FALSE), ('Зверево, Ростовская область', FALSE), ('Зеленогорск, Красноярский край', FALSE), ('Зеленоград, Москва', TRUE), ('Зеленоградск, Калининградская область', FALSE), ('Зеленодольск, Республика Татарстан', TRUE), ('Зеленокумск, Ставропольский край', FALSE), ('Зерноград, Ростовская область', FALSE), ('Зея, Амурская область', FALSE), ('Зима, Иркутская область', FALSE), ('Златоуст, Челябинская область', FALSE), ('Злынка, Брянская область', FALSE), ('Змеиногорск, Алтайский край', FALSE), ('Знаменск, Астраханская область', FALSE), ('Зубцов, Тверская область', FALSE), ('Зуевка, Кировская область', FALSE), ('Ивангород, Ленинградская область', FALSE), ('Иваново, Ивановская область', TRUE), ('Ивантеевка, Московская область', FALSE), ('Ивдель, Свердловская область', FALSE), ('Игарка, Красноярский край', FALSE), ('Ижевск, Удмуртская Республика', TRUE), ('Избербаш, Республика Дагестан', FALSE), ('Изобильный, Ставропольский край', FALSE), ('Иланский, Красноярский край', FALSE), ('Инза, Ульяновская область', FALSE), ('Иннополис, Республика Татарстан', TRUE), ('Инсар, Республика Мордовия', FALSE), ('Инта, Республика Коми', FALSE), ('Ипатово, Ставропольский край', FALSE), ('Ирбит, Свердловская область', FALSE), ('Иркутск, Иркутская область', TRUE), ('Исилькуль, Омская область', FALSE), ('Искитим, Новосибирская область', FALSE), ('Истра, Московская область', FALSE), ('Ишим, Тюменская область', FALSE), ('Ишимбай, Республика Башкортостан', TRUE), ('Йошкар-Ола, Республика Марий Эл', TRUE), ('Кадников, Вологодская область', FALSE), ('Казань, Республика Татарстан', TRUE), ('Калач, Воронежская область', FALSE), ('Калач-на-Дону, Волгоградская область', FALSE), ('Калачинск, Омская область', FALSE), ('Калининград, Калининградская область', TRUE), ('Калининск, Саратовская область', FALSE), ('Калтан, Кемеровская область', FALSE), ('Калуга, Калужская область', TRUE), ('Калязин, Тверская область', FALSE), ('Камбарка, Республика Удмуртия', FALSE), ('Каменка, Пензенская область', FALSE), ('Каменногорск, Ленинградская область', FALSE), ('Каменск-Уральский, Свердловская область', FALSE), ('Каменск-Шахтинский, Ростовская область', FALSE), ('Камень-на-Оби, Алтайский край', FALSE), ('Камешково, Владимирская область', FALSE), ('Камызяк, Астраханская область', FALSE), ('Камышин, Волгоградская область', FALSE), ('Камышлов, Свердловская область', FALSE), ('Канаш, Чувашская Республика', TRUE), ('Кандалакша, Мурманская область', FALSE), ('Канск, Красноярский край', FALSE), ('Карабаново, Владимирская область', FALSE), ('Карабаш, Челябинская область', FALSE), ('Карабулак, Республика Ингушетия', FALSE), ('Карасук, Новосибирская область', FALSE), ('Карачаевск, Карачаево-Черкесия', FALSE), ('Карачев, Брянская область', FALSE), ('Каргат, Новосибирская область', FALSE), ('Каргополь, Архангельская область', FALSE), ('Карпинск, Свердловская область', FALSE), ('Карталы, Челябинская область', FALSE), ('Касимов, Рязанская область', FALSE), ('Касли, Челябинская область', FALSE), ('Каспийск, Республика Дагестан', TRUE), ('Катав-Ивановск, Челябинская область', FALSE), ('Катайск, Курганская область', FALSE), ('Качканар, Свердловская область', FALSE), ('Кашин, Тверская область', FALSE), ('Кашира, Московская область', FALSE), ('Кедровый, Томская область', FALSE), ('Кемерово, Кемеровская область', TRUE), ('Кемь, Республика Карелия', FALSE), ('Кизел, Пермский край', FALSE), ('Кизилюрт, Республика Дагестан', FALSE), ('Кизляр, Республика Дагестан', FALSE), ('Кимовск, Тульская область', FALSE), ('Кимры, Тверская область', FALSE), ('Кингисепп, Ленинградская область', FALSE), ('Кинель, Самарская область', FALSE), ('Кинешма, Ивановская область', FALSE), ('Киреевск, Тульская область', FALSE), ('Киренск, Иркутская область', FALSE), ('Киржач, Владимирская область', FALSE), ('Кириллов, Вологодская область', FALSE), ('Кириши, Ленинградская область', TRUE), ('Киров, Кировская область', TRUE), ('Кировград, Свердловская область', FALSE), ('Кирово-Чепецк, Кировская область', FALSE), ('Кировск, Ленинградская область', FALSE), ('Кировск, Мурманская область', FALSE), ('Кирс, Кировская область', FALSE), ('Кирсанов, Тамбовская область', FALSE), ('Киселёвск, Кемеровская область', FALSE), ('Кисловодск, Ставропольский край', FALSE), ('Клин, Московская область', FALSE), ('Клинцы, Брянская область', FALSE), ('Княгинино, Нижегородская область', FALSE), ('Ковдор, Мурманская область', FALSE), ('Ковров, Владимирская область', FALSE), ('Ковылкино, Республика Мордовия', FALSE), ('Когалым, Ханты-Мансийский АО — Югра', FALSE), ('Кодинск, Красноярский край', FALSE), ('Козельск, Калужская область', FALSE), ('Козловка, Республика Чувашия', FALSE), ('Козьмодемьянск, Республика Марий Эл', FALSE), ('Кола, Мурманская область', FALSE), ('Кологрив, Костромская область', FALSE), ('Коломна, Московская область', FALSE), ('Колпашево, Томская область', FALSE), ('Кольцово, Новосибирская область', TRUE), ('Кольчугино, Владимирская область', FALSE), ('Коммунар, Ленинградская область', FALSE), ('Комсомольск, Ивановская область', FALSE), ('Комсомольск-на-Амуре, Хабаровский край', FALSE), ('Конаково, Тверская область', FALSE), ('Кондопога, Республика Карелия', FALSE), ('Кондрово, Калужская область', FALSE), ('Константиновск, Ростовская область', FALSE), ('Конь-Колодезь, Липецкая область', TRUE), ('Копейск, Челябинская область', FALSE), ('Кораблино, Рязанская область', FALSE), ('Кореновск, Краснодарский край', FALSE), ('Коркино, Челябинская область', FALSE), ('Королёв, Московская область', FALSE), ('Короча, Белгородская область', FALSE), ('Корсаков, Сахалинская область', FALSE), ('Коряжма, Архангельская область', FALSE), ('Костерёво, Владимирская область', FALSE), ('Костомукша, Республика Карелия', FALSE), ('Кострома, Костромская область', TRUE), ('Котельники, Московская область', FALSE), ('Котельниково, Волгоградская область', FALSE), ('Котельнич, Кировская область', FALSE), ('Котлас, Архангельская область', FALSE), ('Котово, Волгоградская область', FALSE), ('Котовск, Тамбовская область', TRUE), ('Кохма, Ивановская область', FALSE), ('Красавино, Вологодская область', FALSE), ('Красноармейск, Московская область', TRUE), ('Красновишерск, Пермский край', FALSE), ('Красногорск, Московская область', TRUE), ('Краснодар, Краснодарский край', TRUE), ('Краснозаводск, Московская область', FALSE), ('Краснознаменск, Калининградская область', FALSE), ('Краснознаменск, Московская область', FALSE), ('Краснокаменск, Забайкальский край', FALSE), ('Краснокамск, Пермский край', FALSE), ('Краснослободск, Волгоградская область', FALSE), ('Краснослободск, Республика Мордовия', FALSE), ('Краснотурьинск, Свердловская область', FALSE), ('Красноуральск, Свердловская область', FALSE), ('Красноуфимск, Свердловская область', FALSE), ('Красноярск, Красноярский край', TRUE), ('Красный Кут, Саратовская область', FALSE), ('Красный Сулин, Ростовская область', FALSE), ('Красный Холм, Тверская область', FALSE), ('Кремёнки, Калужская область', FALSE), ('Кропоткин, Краснодарский край', FALSE), ('Крымск, Краснодарский край', FALSE), ('Кстово, Нижегородская область', FALSE), ('Кубинка, Московская область', FALSE), ('Кувандык, Оренбургская область', FALSE), ('Кувшиново, Тверская область', FALSE), ('Кудрово, Ленинградская область', FALSE), ('Кудымкар, Пермский край', FALSE), ('Кузнецк, Пензенская область', FALSE), ('Куйбышев, Новосибирская область', TRUE), ('Кукмор, Республика Татарстан', FALSE), ('Кулебаки, Нижегородская область', FALSE), ('Кумертау, Республика Башкортостан', FALSE), ('Кунгур, Пермский край', FALSE), ('Купино, Новосибирская область', FALSE), ('Курган, Курганская область', TRUE), ('Курганинск, Краснодарский край', FALSE), ('Курильск, Сахалинская область', FALSE), ('Курлово, Владимирская область', FALSE), ('Куровское, Московская область', FALSE), ('Курск, Курская область', TRUE), ('Куртамыш, Курганская область', FALSE), ('Курчалой, Республика Чечня', FALSE), ('Курчатов, Курская область', FALSE), ('Куса, Челябинская область', FALSE), ('Кушва, Свердловская область', FALSE), ('Кызыл, Республика Тыва', TRUE), ('Кыштым, Челябинская область', FALSE), ('Кяхта, Республика Бурятия', FALSE), ('Лабинск, Краснодарский край', FALSE), ('Лабытнанги, Ямало-Ненецкий АО', FALSE), ('Лагань, Республика Калмыкия', FALSE), ('Ладушкин, Калининградская область', FALSE), ('Лаишево, Республика Татарстан', FALSE), ('Лакинск, Владимирская область', FALSE), ('Лангепас, Ханты-Мансийский автономный округ – Югра', TRUE), ('Лахденпохья, Республика Карелия', FALSE), ('Лебедянь, Липецкая область', TRUE), ('Лев Толстой, Липецкая область', TRUE), ('Лениногорск, Республика Татарстан', FALSE), ('Ленинск, Волгоградская область', FALSE), ('Ленинск-Кузнецкий, Кемеровская область', FALSE), ('Ленск, Якутия', FALSE), ('Лермонтов, Ставропольский край', FALSE), ('Лесной, Свердловская область', FALSE), ('Лесозаводск, Приморский край', FALSE), ('Лесосибирск, Красноярский край', FALSE), ('Ливны, Орловская область', FALSE), ('Ликино-Дулёво, Московская область', FALSE), ('Линёвка, Оренбургская область', TRUE), ('Липецк, Липецкая область', TRUE), ('Липки, Тульская область', FALSE), ('Лиски, Воронежская область', FALSE), ('Лихославль, Тверская область', FALSE), ('Лобня, Московская область', FALSE), ('Лодейное Поле, Ленинградская область', FALSE), ('Лосино-Петровский, Московская область', FALSE), ('Луга, Ленинградская область', FALSE), ('Луза, Кировская область', FALSE), ('Лукоянов, Нижегородская область', FALSE), ('Луховицы, Московская область', FALSE), ('Лысково, Нижегородская область', FALSE), ('Лысьва, Пермский край', FALSE), ('Лыткарино, Московская область', FALSE), ('Льгов, Курская область', FALSE), ('Любань, Ленинградская область', FALSE), ('Люберцы, Московская область', FALSE), ('Любим, Ярославская область', FALSE), ('Людиново, Калужская область', TRUE), ('Лянтор, Ханты-Мансийский АО — Югра', FALSE), ('Магадан, Магаданская область', FALSE), ('Магас, Республика Ингушетия', TRUE), ('Магнитогорск, Челябинская область', TRUE), ('Майкоп, Республика Адыгея', TRUE), ('Майский, Кабардино-Балкария', FALSE), ('Макаров, Сахалинская область', FALSE), ('Макарьев, Костромская область', FALSE), ('Макушино, Курганская область', FALSE), ('Малая Вишера, Новгородская область', FALSE), ('Малгобек, Республика Ингушетия', FALSE), ('Малмыж, Кировская область', FALSE), ('Малоархангельск, Орловская область', FALSE), ('Малоярославец, Калужская область', TRUE), ('Мамадыш, Республика Татарстан', TRUE), ('Мамоново, Калининградская область', FALSE), ('Мантурово, Костромская область', FALSE), ('Мариинск, Кемеровская область', FALSE), ('Мариинский Посад, Республика Чувашия', FALSE), ('Маркс, Саратовская область', FALSE), ('Махачкала, Республика Дагестан', TRUE), ('Мглин, Брянская область', FALSE), ('Мегион, Ханты-Мансийский АО — Югра', FALSE), ('Медвежьегорск, Республика Карелия', FALSE), ('Медногорск, Оренбургская область', FALSE), ('Медынь, Калужская область', FALSE), ('Межгорье, Республика Башкортостан', FALSE), ('Междуреченск, Кемеровская область', FALSE), ('Мезень, Архангельская область', FALSE), ('Меленки, Владимирская область', FALSE), ('Мелеуз, Республика Башкортостан', FALSE), ('Менделеевск, Республика Татарстан', FALSE), ('Мензелинск, Республика Татарстан', FALSE), ('Мещовск, Калужская область', FALSE), ('Миасс, Челябинская область', TRUE), ('Микунь, Республика Коми', FALSE), ('Миллерово, Ростовская область', FALSE), ('Минеральные Воды, Ставропольский край', FALSE), ('Минусинск, Красноярский край', FALSE), ('Миньяр, Челябинская область', FALSE), ('Мирный, Архангельская область', FALSE), ('Мирный, Якутия', FALSE), ('Михайлов, Рязанская область', FALSE), ('Михайловка, Волгоградская область', FALSE), ('Михайловск, Ставропольский край', TRUE), ('Михайловское, Алтайский край', TRUE), ('Мичуринск, Тамбовская область', TRUE), ('Могоча, Забайкальский край', FALSE), ('Можайск, Московская область', FALSE), ('Можга, Удмуртская Республика', TRUE), ('Моздок, Северная Осетия — Алания', FALSE), ('Мончегорск, Мурманская область', FALSE), ('Морозовск, Ростовская область', FALSE), ('Моршанск, Тамбовская область', FALSE), ('Мосальск, Калужская область', FALSE), ('Москва, Москва', TRUE), ('Муравленко, Ямало-Ненецкий АО', FALSE), ('Мураши, Кировская область', FALSE), ('Мурино, Ленинградская область', FALSE), ('Мурманск, Мурманская область', TRUE), ('Муром, Владимирская область', FALSE), ('Мценск, Орловская область', FALSE), ('Мыски, Кемеровская область', FALSE), ('Мытищи, Московская область', FALSE), ('Мышкин, Ярославская область', FALSE), ('Набережные Челны, Республика Татарстан', TRUE), ('Навашино, Нижегородская область', FALSE), ('Наволоки, Ивановская область', FALSE), ('Надым, Ямало-Ненецкий автономный округ', TRUE), ('Назарово, Красноярский край', FALSE), ('Назрань, Республика Ингушетия', FALSE), ('Называевск, Омская область', FALSE), ('Нальчик, Кабардино-Балкарская Республика', TRUE), ('Нариманов, Астраханская область', FALSE), ('Наро-Фоминск, Московская область', FALSE), ('Нарткала, Кабардино-Балкария', FALSE), ('Нарьян-Мар, Ненецкий автономный округ', TRUE), ('Находка, Приморский край', TRUE), ('Невель, Псковская область', FALSE), ('Невельск, Сахалинская область', FALSE), ('Невинномысск, Ставропольский край', TRUE), ('Невьянск, Свердловская область', FALSE), ('Нелидово, Тверская область', FALSE), ('Неман, Калининградская область', FALSE), ('Нерехта, Костромская область', FALSE), ('Нерчинск, Забайкальский край', FALSE), ('Нерюнгри, Якутия', FALSE), ('Нестеров, Калининградская область', FALSE), ('Нефтегорск, Самарская область', FALSE), ('Нефтекамск, Республика Башкортостан', TRUE), ('Нефтекумск, Ставропольский край', FALSE), ('Нефтеюганск, Ханты-Мансийский АО — Югра', FALSE), ('Нея, Костромская область', FALSE), ('Нижневартовск, Ханты-Мансийский автономный округ – Югра', TRUE), ('Нижнекамск, Республика Татарстан', TRUE), ('Нижнеудинск, Иркутская область', FALSE), ('Нижние Серги, Свердловская область', FALSE), ('Нижний Ломов, Пензенская область', FALSE), ('Нижний Новгород, Нижегородская область', TRUE), ('Нижний Тагил, Свердловская область', FALSE), ('Нижняя Салда, Свердловская область', FALSE), ('Нижняя Тура, Свердловская область', FALSE), ('Николаевск, Волгоградская область', FALSE), ('Николаевск-на-Амуре, Хабаровский край', FALSE), ('Никольск, Вологодская область', FALSE), ('Никольск, Пензенская область', FALSE), ('Никольское, Ленинградская область', FALSE), ('Новая Ладога, Ленинградская область', FALSE), ('Новая Ляля, Свердловская область', FALSE), ('Новоалександровск, Ставропольский край', FALSE), ('Новоалтайск, Алтайский край', FALSE), ('Новоаннинский, Волгоградская область', FALSE), ('Нововоронеж, Воронежская область', FALSE), ('Новодвинск, Архангельская область', FALSE), ('Новозыбков, Брянская область', FALSE), ('Новокубанск, Краснодарский край', FALSE), ('Новокузнецк, Кемеровская область', TRUE), ('Новокуйбышевск, Самарская область', FALSE), ('Новомичуринск, Рязанская область', FALSE), ('Новомосковск, Тульская область', TRUE), ('Новопавловск, Ставропольский край', FALSE), ('Новоржев, Псковская область', FALSE), ('Новороссийск, Краснодарский край', FALSE), ('Новосибирск, Новосибирская область', TRUE), ('Новосиль, Орловская область', FALSE), ('Новосокольники, Псковская область', FALSE), ('Новотроицк, Оренбургская область', TRUE), ('Новоузенск, Саратовская область', FALSE), ('Новоульяновск, Ульяновская область', FALSE), ('Новоуральск, Свердловская область', FALSE), ('Новохопёрск, Воронежская область', FALSE), ('Новочебоксарск, Республика Чувашия', FALSE), ('Новочеркасск, Ростовская область', TRUE), ('Новошахтинск, Ростовская область', FALSE), ('Новый Оскол, Белгородская область', FALSE), ('Новый Уренгой, Ямало-Ненецкий автономный округ', TRUE), ('Ногинск, Московская область', FALSE), ('Нолинск, Кировская область', FALSE), ('Норильск, Красноярский край', TRUE), ('Ноябрьск, Ямало-Ненецкий АО', FALSE), ('Нурлат, Республика Татарстан', FALSE), ('Нытва, Пермский край', FALSE), ('Нюрба, Якутия', FALSE), ('Нягань, Ханты-Мансийский АО — Югра', FALSE), ('Нязепетровск, Челябинская область', FALSE), ('Няндома, Архангельская область', FALSE), ('Облучье, Еврейская АО', FALSE), ('Обнинск, Калужская область', TRUE), ('Обоянь, Курская область', FALSE), ('Обь, Новосибирская область', FALSE), ('Одинцово, Московская область', FALSE), ('Озёрск, Калининградская область', FALSE), ('Озёрск, Челябинская область', FALSE), ('Озёры, Московская область', FALSE), ('Октябрьск, Самарская область', FALSE), ('Октябрьский, Республика Башкортостан', TRUE), ('Окуловка, Новгородская область', FALSE), ('Оленегорск, Мурманская область', FALSE), ('Олонец, Республика Карелия', FALSE), ('Олёкминск, Якутия', FALSE), ('Омск, Омская область', TRUE), ('Омутнинск, Кировская область', FALSE), ('Онега, Архангельская область', FALSE), ('Опочка, Псковская область', FALSE), ('Оренбург, Оренбургская область', TRUE), ('Орехово-Зуево, Московская область', TRUE), ('Орлов, Кировская область', FALSE), ('Орск, Оренбургская область', TRUE), ('Орёл, Орловская область', FALSE), ('Оса, Пермский край', FALSE), ('Осинники, Кемеровская область', FALSE), ('Осташков, Тверская область', FALSE), ('Остров, Псковская область', FALSE), ('Островной, Мурманская область', FALSE), ('Острогожск, Воронежская область', FALSE), ('Отрадное, Ленинградская область', FALSE), ('Отрадный, Самарская область', FALSE), ('Оха, Сахалинская область', FALSE), ('Оханск, Пермский край', FALSE), ('Очёр, Пермский край', FALSE), ('Павлово, Нижегородская область', FALSE), ('Павловск, Воронежская область', FALSE), ('Павловский Посад, Московская область', FALSE), ('Палласовка, Волгоградская область', FALSE), ('Партизанск, Приморский край', FALSE), ('Певек, Чукотский АО', FALSE), ('Пенза, Пензенская область', TRUE), ('Первомайск, Нижегородская область', FALSE), ('Первомайское, Алтайский край', TRUE), ('Первоуральск, Свердловская область', FALSE), ('Перевоз, Нижегородская область', FALSE), ('Переволоцкий, Оренбургская область', TRUE), ('Пересвет, Московская область', FALSE), ('Переславль-Залесский, Ярославская область', FALSE), ('Пермь, Пермский край', TRUE), ('Пески, Воронежская область', TRUE), ('Пестово, Новгородская область', FALSE), ('Петров Вал, Волгоградская область', FALSE), ('Петровск, Саратовская область', FALSE), ('Петровск-Забайкальский, Забайкальский край', FALSE), ('Петрозаводск, Республика Карелия', FALSE), ('Петропавловск-Камчатский, Камчатский край', TRUE), ('Петухово, Курганская область', FALSE), ('Петушки, Владимирская область', FALSE), ('Печора, Республика Коми', FALSE), ('Печоры, Псковская область', FALSE), ('Пикалёво, Ленинградская область', FALSE), ('Пионерский, Калининградская область', FALSE), ('Питкяранта, Республика Карелия', FALSE), ('Плавск, Тульская область', FALSE), ('Пласт, Челябинская область', FALSE), ('Плёс, Ивановская область', FALSE), ('Поворино, Воронежская область', FALSE), ('Подольск, Московская область', FALSE), ('Подпорожье, Ленинградская область', FALSE), ('Покачи, Ханты-Мансийский АО — Югра', FALSE), ('Покров, Владимирская область', FALSE), ('Покровск, Якутия', FALSE), ('Полевской, Свердловская область', FALSE), ('Полесск, Калининградская область', FALSE), ('Полысаево, Кемеровская область', FALSE), ('Полярные Зори, Мурманская область', FALSE), ('Полярный, Мурманская область', FALSE), ('Поронайск, Сахалинская область', FALSE), ('Порхов, Псковская область', FALSE), ('Похвистнево, Самарская область', FALSE), ('Почеп, Брянская область', FALSE), ('Починок, Смоленская область', FALSE), ('Пошехонье, Ярославская область', FALSE), ('Правдинск, Калининградская область', FALSE), ('Приволжск, Ивановская область', FALSE), ('Приморск, Калининградская область', FALSE), ('Приморск, Ленинградская область', FALSE), ('Приморско-Ахтарск, Краснодарский край', FALSE), ('Приозерск, Ленинградская область', FALSE), ('Прокопьевск, Кемеровская область', FALSE), ('Пролетарск, Ростовская область', FALSE), ('Протвино, Московская область', FALSE), ('Прохладный, Кабардино-Балкария', FALSE), ('Псков, Псковская область', TRUE), ('Пугачёв, Саратовская область', FALSE), ('Пудож, Республика Карелия', FALSE), ('Пустошка, Псковская область', FALSE), ('Путилково, Московская область', TRUE), ('Пучеж, Ивановская область', FALSE), ('Пушкино, Московская область', FALSE), ('Пущино, Московская область', FALSE), ('Пыталово, Псковская область', FALSE), ('Пыть-Ях, Ханты-Мансийский АО — Югра', FALSE), ('Пятигорск, Ставропольский край', FALSE), ('Радужный, Владимирская область', FALSE), ('Радужный, Ханты-Мансийский АО — Югра', FALSE), ('Райчихинск, Амурская область', FALSE), ('Раменское, Московская область', FALSE), ('Рассказово, Тамбовская область', FALSE), ('Ревда, Свердловская область', FALSE), ('Реж, Свердловская область', FALSE), ('Река Дема, Оренбургская область', TRUE), ('Реутов, Московская область', FALSE), ('Ржев, Тверская область', FALSE), ('Родники, Ивановская область', FALSE), ('Рославль, Смоленская область', FALSE), ('Россошь, Воронежская область', TRUE), ('Ростов, Ярославская область', FALSE), ('Ростов-на-Дону, Ростовская область', TRUE), ('Рошаль, Московская область', FALSE), ('Ртищево, Саратовская область', FALSE), ('Рубцовск, Алтайский край', FALSE), ('Рудня, Смоленская область', FALSE), ('Руза, Московская область', FALSE), ('Рузаевка, Республика Мордовия', FALSE), ('Рыбинск, Ярославская область', FALSE), ('Рыбная Слобода, Республика Татарстан', TRUE), ('Рыбное, Рязанская область', FALSE), ('Рыльск, Курская область', FALSE), ('Ряжск, Рязанская область', FALSE), ('Рязань, Рязанская область', TRUE), ('Салават, Республика Башкортостан', FALSE), ('Салаир, Кемеровская область', FALSE), ('Салехард, Ямало-Ненецкий АО', FALSE), ('Сальск, Ростовская область', FALSE), ('Самара, Самарская область', TRUE), ('Санкт-Петербург, Санкт-Петербург', TRUE), ('Саранск, Республика Мордовия', TRUE), ('Сарапул, Удмуртская Республика', TRUE), ('Саратов, Саратовская область', TRUE), ('Саров, Нижегородская область', FALSE), ('Сасово, Рязанская область', FALSE), ('Сатка, Челябинская область', FALSE), ('Сафоново, Смоленская область', FALSE), ('Саяногорск, Республика Хакасия', FALSE), ('Саянск, Иркутская область', FALSE), ('Светлогорск, Калининградская область', FALSE), ('Светлоград, Ставропольский край', FALSE), ('Светлый, Калининградская область', FALSE), ('Светогорск, Ленинградская область', FALSE), ('Свирск, Иркутская область', FALSE), ('Свободный, Амурская область', FALSE), ('Себеж, Псковская область', FALSE), ('Северо-Курильск, Сахалинская область', FALSE), ('Северобайкальск, Республика Бурятия', FALSE), ('Северодвинск, Архангельская область', TRUE), ('Североморск, Мурманская область', FALSE), ('Североуральск, Свердловская область', FALSE), ('Северск, Томская область', FALSE), ('Севск, Брянская область', FALSE), ('Сегежа, Республика Карелия', FALSE), ('Сельцо, Брянская область', FALSE), ('Семикаракорск, Ростовская область', FALSE), ('Семилуки, Воронежская область', FALSE), ('Семёнов, Нижегородская область', FALSE), ('Сенгилей, Ульяновская область', FALSE), ('Серафимович, Волгоградская область', FALSE), ('Сергач, Нижегородская область', FALSE), ('Сергиев Посад, Московская область', FALSE), ('Сердобск, Пензенская область', FALSE), ('Серов, Свердловская область', FALSE), ('Серпухов, Московская область', FALSE), ('Сертолово, Ленинградская область', FALSE), ('Сибай, Республика Башкортостан', FALSE), ('Сим, Челябинская область', FALSE), ('Сковородино, Амурская область', FALSE), ('Скопин, Рязанская область', FALSE), ('Славгород, Алтайский край', FALSE), ('Славск, Калининградская область', FALSE), ('Славянск-на-Кубани, Краснодарский край', FALSE), ('Сланцы, Ленинградская область', FALSE), ('Слободской, Кировская область', FALSE), ('Слюдянка, Иркутская область', FALSE), ('Смоленск, Смоленская область', TRUE), ('Снежинск, Челябинская область', FALSE), ('Снежногорск, Мурманская область', FALSE), ('Собинка, Владимирская область', FALSE), ('Советск, Калининградская область', FALSE), ('Советск, Кировская область', FALSE), ('Советск, Тульская область', FALSE), ('Советская Гавань, Хабаровский край', FALSE), ('Советский, Ханты-Мансийский АО — Югра', FALSE), ('Сокол, Вологодская область', FALSE), ('Солигалич, Костромская область', FALSE), ('Солидарность, Липецкая область', TRUE), ('Соликамск, Пермский край', FALSE), ('Солнечногорск, Московская область', FALSE), ('Соль-Илецк, Оренбургская область', FALSE), ('Сольвычегодск, Архангельская область', FALSE), ('Сольцы, Новгородская область', FALSE), ('Сорочинск, Оренбургская область', FALSE), ('Сорск, Республика Хакасия', FALSE), ('Сортавала, Республика Карелия', FALSE), ('Сосенский, Калужская область', FALSE), ('Сосновка, Кировская область', FALSE), ('Сосновоборск, Красноярский край', FALSE), ('Сосновый Бор, Ленинградская область', FALSE), ('Сосногорск, Республика Коми', FALSE), ('Сочи, Краснодарский край', TRUE), ('Спас-Деменск, Калужская область', FALSE), ('Спас-Клепики, Рязанская область', FALSE), ('Спасск, Пензенская область', FALSE), ('Спасск-Дальний, Приморский край', FALSE), ('Спасск-Рязанский, Рязанская область', FALSE), ('Среднеколымск, Якутия', FALSE), ('Среднеуральск, Свердловская область', FALSE), ('Сретенск, Забайкальский край', FALSE), ('Ставрополь, Ставропольский край', FALSE), ('Становое, Липецкая область', TRUE), ('Старая Купавна, Московская область', FALSE), ('Старая Русса, Новгородская область', FALSE), ('Старица, Тверская область', FALSE), ('Стародуб, Брянская область', FALSE), ('Старый Оскол, Белгородская область', TRUE), ('Стерлитамак, Республика Башкортостан', TRUE), ('Стрежевой, Томская область', FALSE), ('Строитель, Белгородская область', FALSE), ('Струнино, Владимирская область', FALSE), ('Ступино, Московская область', FALSE), ('Суворов, Тульская область', FALSE), ('Суджа, Курская область', FALSE), ('Судогда, Владимирская область', FALSE), ('Суздаль, Владимирская область', FALSE), ('Сунжа, Республика Ингушетия', FALSE), ('Суоярви, Республика Карелия', FALSE), ('Сураж, Брянская область', FALSE), ('Сургут, Ханты-Мансийский автономный округ – Югра', TRUE), ('Суровикино, Волгоградская область', FALSE), ('Сурск, Пензенская область', FALSE), ('Сусуман, Магаданская область', FALSE), ('Сухиничи, Калужская область', FALSE), ('Сухой Лог, Свердловская область', FALSE), ('Сызрань, Самарская область', FALSE), ('Сыктывкар, Республика Коми', TRUE), ('Сысерть, Свердловская область', FALSE), ('Сычёвка, Смоленская область', FALSE), ('Сясьстрой, Ленинградская область', FALSE), ('Тавда, Свердловская область', FALSE), ('Таганрог, Ростовская область', FALSE), ('Тайга, Кемеровская область', FALSE), ('Тайшет, Иркутская область', FALSE), ('Талдом, Московская область', FALSE), ('Талица, Свердловская область', FALSE), ('Тамбов, Тамбовская область', TRUE), ('Тара, Омская область', FALSE), ('Тарко-Сале, Ямало-Ненецкий АО', FALSE), ('Таруса, Калужская область', FALSE), ('Татарск, Новосибирская область', FALSE), ('Таштагол, Кемеровская область', FALSE), ('Тверь, Тверская область', TRUE), ('Теберда, Карачаево-Черкесия', FALSE), ('Тейково, Ивановская область', FALSE), ('Темников, Республика Мордовия', FALSE), ('Темрюк, Краснодарский край', FALSE), ('Тербуны, Липецкая область', TRUE), ('Терек, Кабардино-Балкария', FALSE), ('Тетюши, Республика Татарстан', FALSE), ('Тимашёвск, Краснодарский край', FALSE), ('Тихвин, Ленинградская область', FALSE), ('Тихорецк, Краснодарский край', FALSE), ('Тобольск, Тюменская область', FALSE), ('Тогучин, Новосибирская область', FALSE), ('Толстая Дубрава, Липецкая область', TRUE), ('Тольятти, Самарская область', TRUE), ('Томари, Сахалинская область', FALSE), ('Томмот, Якутия', FALSE), ('Томск, Томская область', TRUE), ('Топки, Кемеровская область', FALSE), ('Торжок, Тверская область', FALSE), ('Торопец, Тверская область', FALSE), ('Тосно, Ленинградская область', FALSE), ('Тотьма, Вологодская область', FALSE), ('Троицк, Челябинская область', FALSE), ('Трубчевск, Брянская область', FALSE), ('Трёхгорный, Челябинская область', FALSE), ('Туапсе, Краснодарский край', FALSE), ('Туймазы, Республика Башкортостан', FALSE), ('Тула, Тульская область', TRUE), ('Тулун, Иркутская область', FALSE), ('Туран, Республика Тыва', FALSE), ('Туринск, Свердловская область', FALSE), ('Тутаев, Ярославская область', FALSE), ('Тында, Амурская область', FALSE), ('Тырныауз, Кабардино-Балкария', FALSE), ('Тюкалинск, Омская область', FALSE), ('Тюмень, Тюменская область', TRUE), ('Уварово, Тамбовская область', FALSE), ('Углегорск, Сахалинская область', FALSE), ('Углич, Ярославская область', FALSE), ('Удачный, Якутия', FALSE), ('Удомля, Тверская область', FALSE), ('Ужур, Красноярский край', FALSE), ('Узловая, Тульская область', FALSE), ('Улан-Удэ, Республика Бурятия', FALSE), ('Ульяновск, Ульяновская область', TRUE), ('Унеча, Брянская область', FALSE), ('Урай, Ханты-Мансийский АО — Югра', FALSE), ('Урень, Нижегородская область', FALSE), ('Уржум, Кировская область', FALSE), ('Урус-Мартан, Республика Чечня', FALSE), ('Урюпинск, Волгоградская область', FALSE), ('Усинск, Республика Коми', FALSE), ('Усмань, Липецкая область', TRUE), ('Усолье, Пермский край', FALSE), ('Усолье-Сибирское, Иркутская область', FALSE), ('Уссурийск, Приморский край', FALSE), ('Усть-Джегута, Карачаево-Черкесия', FALSE), ('Усть-Илимск, Иркутская область', FALSE), ('Усть-Катав, Челябинская область', FALSE), ('Усть-Кут, Иркутская область', FALSE), ('Усть-Лабинск, Краснодарский край', FALSE), ('Устюжна, Вологодская область', FALSE), ('Уфа, Республика Башкортостан', TRUE), ('Ухта, Республика Коми', FALSE), ('Учалы, Республика Башкортостан', FALSE), ('Уяр, Красноярский край', FALSE), ('Фатеж, Курская область', FALSE), ('Фокино, Брянская область', FALSE), ('Фокино, Приморский край', FALSE), ('Фролово, Волгоградская область', FALSE), ('Фрязино, Московская область', TRUE), ('Фурманов, Ивановская область', FALSE), ('Хабаровск, Хабаровский край', TRUE), ('Хадыженск, Краснодарский край', FALSE), ('Ханты-Мансийск, Ханты-Мансийский автономный округ – Югра', TRUE), ('Харабали, Астраханская область', FALSE), ('Харовск, Вологодская область', FALSE), ('Хасавюрт, Республика Дагестан', FALSE), ('Хвалынск, Саратовская область', FALSE), ('Хилок, Забайкальский край', FALSE), ('Химки, Московская область', FALSE), ('Холм, Новгородская область', FALSE), ('Холмск, Сахалинская область', FALSE), ('Хотьково, Московская область', FALSE), ('Цивильск, Республика Чувашия', FALSE), ('Цимлянск, Ростовская область', FALSE), ('Циолковский, Амурская область', FALSE), ('Чадан, Республика Тыва', FALSE), ('Чайковский, Пермский край', FALSE), ('Чапаевск, Самарская область', FALSE), ('Чаплыгин, Липецкая область', TRUE), ('Чебаркуль, Челябинская область', FALSE), ('Чебоксары, Чувашская Республика', TRUE), ('Чегем, Кабардино-Балкария', FALSE), ('Чекалин, Тульская область', FALSE), ('Челябинск, Челябинская область', TRUE), ('Чердынь, Пермский край', FALSE), ('Черемхово, Иркутская область', FALSE), ('Черепаново, Новосибирская область', FALSE), ('Череповец, Вологодская область', TRUE), ('Черкесск, Карачаево-Черкесская Республика', TRUE), ('Черноголовка, Московская область', FALSE), ('Черногорск, Республика Хакасия', FALSE), ('Чернушка, Пермский край', FALSE), ('Черняховск, Калининградская область', FALSE), ('Чехов, Московская область', FALSE), ('Чистополь, Республика Татарстан', TRUE), ('Чита, Забайкальский край', TRUE), ('Чкаловск, Нижегородская область', FALSE), ('Чудово, Новгородская область', FALSE), ('Чулым, Новосибирская область', FALSE), ('Чусовой, Пермский край', FALSE), ('Чухлома, Костромская область', FALSE), ('Чёрмоз, Пермский край', FALSE), ('Шагонар, Республика Тыва', FALSE), ('Шадринск, Курганская область', FALSE), ('Шали, Республика Чечня', FALSE), ('Шарыпово, Красноярский край', FALSE), ('Шарья, Костромская область', FALSE), ('Шатура, Московская область', FALSE), ('Шахты, Ростовская область', FALSE), ('Шахунья, Нижегородская область', FALSE), ('Шацк, Рязанская область', FALSE), ('Шебекино, Белгородская область', FALSE), ('Шелехов, Иркутская область', FALSE), ('Шенкурск, Архангельская область', FALSE), ('Шилка, Забайкальский край', FALSE), ('Шимановск, Амурская область', FALSE), ('Шиханы, Саратовская область', FALSE), ('Шлиссельбург, Ленинградская область', FALSE), ('Шумерля, Республика Чувашия', FALSE), ('Шумиха, Курганская область', FALSE), ('Шуя, Ивановская область', FALSE), ('Щигры, Курская область', FALSE), ('Щучье, Курганская область', FALSE), ('Щёкино, Тульская область', FALSE), ('Щёлково, Московская область', FALSE), ('Электрогорск, Московская область', FALSE), ('Электросталь, Московская область', TRUE), ('Электроугли, Московская область', FALSE), ('Элиста, Республика Калмыкия', TRUE), ('Энгельс, Саратовская область', FALSE), ('Эртиль, Воронежская область', FALSE), ('Югорск, Ханты-Мансийский АО — Югра', FALSE), ('Южа, Ивановская область', FALSE), ('Южно-Сахалинск, Сахалинская область', FALSE), ('Южно-Сухокумск, Республика Дагестан', FALSE), ('Южноуральск, Челябинская область', FALSE), ('Юрга, Кемеровская область', FALSE), ('Юрьев-Польский, Владимирская область', FALSE), ('Юрьевец, Ивановская область', FALSE), ('Юрюзань, Челябинская область', FALSE), ('Юхнов, Калужская область', FALSE), ('Ядрин, Республика Чувашия', FALSE), ('Якутск, Республика Саха (Якутия)', TRUE), ('Ялуторовск, Тюменская область', FALSE), ('Янаул, Республика Башкортостан', FALSE), ('Яранск, Кировская область', FALSE), ('Яровое, Алтайский край', FALSE), ('Ярославль, Ярославская область', TRUE), ('Ярцево, Смоленская область', FALSE), ('Ясногорск, Тульская область', FALSE), ('Ясный, Оренбургская область', FALSE), ('Яхрома, Московская область', FALSE);

INSERT INTO lyceum_quest.user_role(id, title)
VALUES 
('1', 'admin'),
('2', 'manager');

INSERT INTO lyceum_quest.user_status(id, title)
VALUES 
('1', 'waiting'),
('2', 'enabled'),
('3', 'disabled');

INSERT INTO lyceum_quest.user(id, login, password, first_name, second_name, status_id, role_id)
VALUES 
('1', 'aleksashkin@yandex-team.ru', '03ac674216f3e15c761ee1a5e255f067953623c8b388b4459e13f978d7c846f4', 'Anton', 'Aleksashkin', '2', '1');

INSERT INTO lyceum_quest.auth_session(id, user_id)
VALUES 
('1', '1');

INSERT INTO lyceum_quest.quest(id, user_id, name, is_available, public_beautiful_name) 
VALUES
('1', '1', 'quest 1', TRUE, 'beautiful quest 1');

INSERT INTO lyceum_quest.character(id, name, profile_picture, full_size_picture) 
VALUES
('1', 'Петя', 'https://storage.yandexcloud.net/lyceum-cloud/backend/%D0%9F%D0%BE%D1%80%D1%82%D1%80%D0%B5%D1%82%D1%8B%20(200)/%D0%9F%D0%B5%D1%82%D1%8F%20(%D0%BF%D0%BE%D1%80%D1%82%D1%80%D0%B5%D1%82)%20(200).jpg', 'https://storage.yandexcloud.net/lyceum-cloud/backend/%D0%9F%D0%BE%D1%80%D1%82%D1%80%D0%B5%D1%82%D1%8B%20(800)/%D0%9F%D0%B5%D1%82%D1%8F%20(%D0%BF%D0%BE%D1%80%D1%82%D1%80%D0%B5%D1%82)%20(800).jpg'),
('2', 'Саша', 'https://storage.yandexcloud.net/lyceum-cloud/backend/%D0%9F%D0%BE%D1%80%D1%82%D1%80%D0%B5%D1%82%D1%8B%20(200)/%D0%A1%D0%B0%D1%88%D0%B0%20(%D0%BF%D0%BE%D1%80%D1%82%D1%80%D0%B5%D1%82)%20(200).jpg', 'https://storage.yandexcloud.net/lyceum-cloud/backend/%D0%9F%D0%BE%D1%80%D1%82%D1%80%D0%B5%D1%82%D1%8B%20(800)/%D0%A1%D0%B0%D1%88%D0%B0%20(%D0%BF%D0%BE%D1%80%D1%82%D1%80%D0%B5%D1%82)%20(800).jpg'),
('3', 'Преподаватель Сергей', 'https://storage.yandexcloud.net/lyceum-cloud/backend/%D0%9F%D0%BE%D1%80%D1%82%D1%80%D0%B5%D1%82%D1%8B%20(200)/%D0%A1%D0%B5%D1%80%D0%B3%D0%B5%D0%B8%CC%86%20(%D0%BF%D0%BE%D1%80%D1%82%D1%80%D0%B5%D1%82)%20(200).jpg', 'https://storage.yandexcloud.net/lyceum-cloud/backend/%D0%9F%D0%BE%D1%80%D1%82%D1%80%D0%B5%D1%82%D1%8B%20(800)/%D0%A1%D0%B5%D1%80%D0%B3%D0%B5%D0%B8%CC%86%20(%D0%BF%D0%BE%D1%80%D1%82%D1%80%D0%B5%D1%82)%20(800).jpg');

INSERT INTO lyceum_quest.file(id, name, type, extension, size_in_kbytes, url) 
VALUES
('1', 'test name 1', 'image', 'jpg', '20', 'https://storage.yandexcloud.net/lyceum-cloud/backend/%D0%98%D0%BB%D0%BB%D1%8E%D1%81%D1%82%D1%80%D0%B0%D1%86%D0%B8%D0%B8%20(410)/%D0%9F%D0%B5%D1%82%D1%8F%20%D0%B8%20%D0%A1%D0%B0%D1%88%D0%B0.jpg'),
('2', 'test name 2', 'image', 'jpg', '20','https://storage.yandexcloud.net/lyceum-cloud/backend/%D0%98%D0%BB%D0%BB%D1%8E%D1%81%D1%82%D1%80%D0%B0%D1%86%D0%B8%D0%B8%20(410)/%D0%A1%D0%B5%D1%80%D0%B3%D0%B5%D0%B8%CC%86.jpg');

INSERT INTO lyceum_quest.quest_task_type(id, type_name) 
VALUES
('1', 'text'),
('2', 'keyboard'),
('3', 'attachment'),
('4', 'city_input'),
('5', 'action_card');


INSERT INTO lyceum_quest.quest_task(id, quest_id, is_first, quest_task_type_id, data, character_id, author, order_id)
VALUES
('1_1', '1', TRUE, '3', '{"next_task_id": "2"}', '1', 'bot', '1'),
('1_2', '1', FALSE, '1', '{"text" : "Да, крутая тема. Как туда попасть?", "next_task_id": "3"}', '1', 'bot', '1'),
('1_3', '1', FALSE, '1', '{"text" : "Выбираешь курс, проходишь тестирование и всё!", "next_task_id": "4"}', '2', 'bot', '1'),
('1_4', '1', FALSE, '1', '{"text" : "Cупер, надо попробовать!", "next_task_id": "5"}', '1', 'bot', '1'),
('1_5', '1', FALSE, '2', '{"keyboard": [
[
    {
        "button_id": "1",
        "text": "А о чем речь?",
        "placeholder": "А о чем речь?",
        "next_task_id" : "6"
    }
]
]}', null, 'user', '1'),
('1_6', '1', FALSE, '1', '{"text" : "О, привет. Сейчас всё расскажу! Но для начала мне нужно немного больше о тебе узнать.", "next_task_id": "7"}', '2', 'bot', '1'),
('1_7', '1', FALSE, '1', '{"text" : "В каком классе ты учишься?", "next_task_id": "8"}', '2', 'bot', '1'),
('1_8', '1', FALSE, '2', '{"keyboard": [
[
    {
        "button_id": "1",
        "text": "5-7",
        "placeholder": "5-7",
        "next_task_id" : "8-1"
    },
    {
        "button_id": "2",
        "text": "8",
        "placeholder": "8",
        "next_task_id" : "9"
    }
],
[
    {
        "button_id": "3",
        "text": "9",
        "placeholder": "9",
        "next_task_id" : "9"
    },
    {
        "button_id": "4",
        "text": "10",
        "placeholder": "10",
        "next_task_id" : "9"
    },
    {
        "button_id": "5",
        "text": "11",
        "placeholder": "11",
        "next_task_id" : "9"
    }
],
[
    {
        "button_id": "6",
        "text": "Учусь в колледже",
        "placeholder": "Учусь в колледже",
        "next_task_id" : "9"
    }
],
[
    {
        "button_id": "7",
        "text": "Я сильно старше",
        "placeholder": "Я сильно старше",
        "next_task_id" : "8-2"
    }
]
]}', null, 'user', '1'),
('1_8-1', '1', FALSE, '1', '{"text" : "Тебе ещё рано поступать в Яндекс Лицей. Но если хочешь, я расскажу тебе подробности.", "next_task_id": "8-3"}', '2', 'bot', '1'),
('1_8-2', '1', FALSE, '1', '{"text" : "Тебе уже поздно поступать в Яндекс Лицей. Но если хочешь, я расскажу тебе подробности.", "next_task_id": "8-3"}', '2', 'bot', '1'),
('1_8-3', '1', FALSE, '2', '{"keyboard": [
[
    {
        "button_id": "1",
        "text": "Да, расскажите подробнее",
        "placeholder": "Да, расскажите подробнее",
        "next_task_id" : "9"
    },
    {
        "button_id": "2",
        "text": "Спасибо, не нужно",
        "placeholder": "Спасибо, не нужно",
        "next_task_id" : "8-4"
    }
]
]}', null, 'user', '1'),
('1_8-4', '1', FALSE, '1', '{"text" : "Поняла. Если у тебя вдруг возникнут вопросы, то ты можешь вернуться ко мне с ними или зайти на сайт Яндекс Лицея (вшитая ссылка: https://lyceum.yandex.ru). Удачи!"}', '2', 'bot', '1'),
('1_9', '1', FALSE, '1', '{"text" : "Отлично! Из какого ты города?", "next_task_id": "10"}', '2', 'bot', '1'),
('1_10', '1', FALSE, '4', '{"has_lyceum_next_id": "11", "no_lyceum_next_id": "12"}', '2', 'user', '1'),
('1_11', '1', FALSE, '1', '{"text" : "Отлично, в твоём городе есть наша площадка! Если хочешь, давай прямо сейчас поговорим с кем-нибудь из наших преподавателей и учеников, чтобы ты мог задать им вопросы!", "next_task_id": "11-1"}', '2', 'bot', '1'),
('1_11-1', '1', FALSE, '1', '{"text" : "У них для тебя тоже будут вопросы! Твои ответы помогут подобрать подходящий курс.", "next_task_id": "11-2"}', '2', 'bot', '1'),
('1_11-2', '1', FALSE, '2', '{"keyboard": [
[
    {
        "button_id": "1",
        "text": "Ого, было бы здорово!",
        "placeholder": "Ого, было бы здорово!",
        "next_task_id" : "13"
    }
]
]}', null, 'user', '1'),
('1_12', '1', FALSE, '1', '{"text" : "Эх, в твоём городе пока нет нашей площадки, но это не страшно, ведь у нас есть и онлайн-курсы.", "next_task_id": "12-1"}', '2', 'bot', '1'),
('1_12-1', '1', FALSE, '1', '{"text" : "Если хочешь, давай прямо сейчас созвонимся с кем-нибудь из наших преподавателей и учеников, чтобы ты мог задать им вопросы!", "next_task_id": "11-1"}', '2', 'bot', '1'),
('1_13', '1', FALSE, '3', '{"next_task_id": "14"}', '3', 'bot', '1'),
('1_14', '1', FALSE, '1', '{"text" : "Привет! Меня зовут Сергей. Я преподаватель Я.Лицея. Прекрасно, что ты задумываешься о том, чтобы сделать первые шаги в IT вместе с нами! У нас есть курсы для начинающих.", "next_task_id": "15"}', '3', 'bot', '1'),
('1_15', '1', FALSE, '5', 
'{
    "title": "Основы программирования на Python.",
    "text": "Годовой курс по разработке на Python для тех, кто хочет разобраться в основах языка, научиться делать прогнозы, строить графики, проводить аналитику и кодить простые программы", 
    "action_button": {
        "action_url": "https://lyceum.yandex.ru/python", 
        "placeholder": "Перейти на страницу курса"
    },
    "next_task_button": {
        "placeholder": "Дальше"
    }, 
    "next_task_id": "16"
}', '3', 'bot', '1'),
('1_16', '1', FALSE, '1', '{"text" : "Расскажи, какой у тебя уровень программирования?"}', '3', 'bot', '1');

INSERT INTO lyceum_quest.quest_task_x_files(file_id, quest_task_id) 
VALUES
('1', '1_1'),
('2', '1_13'),
('2', '1_15');